Id,Business Date,Security Id,Symbol,Security Name,Open Price,High Price,Low Price,Close Price,Total Traded Quantity,Total Traded Value,Previous Day Close Price,Fifty Two Week High,Fifty Two Week Low,Last Updated Time,Last Updated Price,Total Trades,Average Traded Price,Market Capitalization
1,2025-04-20,131,NABIL,Nabil Bank Limited,500,501.2,490,492.09,79228,39103117.8,494.38,700,419,2025-04-20T14:59:53.799788,492,605,493.55,133144.78
2,2025-04-20,132,NIMB,Nepal Investment Mega Bank Limited,219.4,223.5,215,216.29,114711,24957288.5,215.19,295,147.4,2025-04-20T14:59:45.276104,216.2,496,217.56,73816.74
3,2025-04-20,133,SCB,Standard Chartered Bank Limited,636,636,622.3,630.07,32096,20201231.6,635.87,790,511,2025-04-20T14:59:13.303684,629.9,289,629.4,63273.95
4,2025-04-20,134,HBL,Himalayan Bank Limited,233.1,236,230.8,233.62,67924,15784073.5,237.79,312.1,167.1,2025-04-20T14:59:57.934585,234.9,239,232.37,50594.19
5,2025-04-20,139,NICA,NIC Asia Bank Ltd.,375.5,375.5,369,369.81,122259,45413718.4,383.07,573,341.6,2025-04-20T14:59:51.60649,370,680,371.45,55166.65
6,2025-04-20,140,MBL,Machhapuchhre Bank Limited,233,234,227.8,228.68,82568,18993680,230.12,295,157.8,2025-04-20T14:59:59.859119,228,223,230.03,26575.72
7,2025-04-20,142,KBL,Kumari Bank Limited,211,211,204,205.96,239347,49479359.8,211.03,272.9,129.6,2025-04-20T14:59:50.142723,206,618,206.72,54014.78
8,2025-04-20,149,OHL,Oriental Hotels Limited,889,889,879.1,879.95,2778,2449212.3,889,1205,704,2025-04-20T14:56:50.173949,879.2,22,881.64,10422.96
9,2025-04-20,153,BPCL,Butwal Power Company Limited,421,430,415,422.1,59789,25355138,414.76,536.5,284.4,2025-04-20T14:59:50.022421,423,375,424.07,14389.66
10,2025-04-20,156,BBC,Bishal Bazar Company Limited,6080,6081,5860,6029,1140,6803643.5,5965.35,7247,3631,2025-04-20T14:50:56.905963,6029,63,5968.1,241762.9
11,2025-04-20,163,NUBL,Nirdhan Utthan Laghubitta Bittiya Sanstha Limited,674.9,688.3,674.9,682.9,8003,5472686.6,688.3,930.2,613,2025-04-20T14:59:39.381246,683,51,683.82,17837.89
12,2025-04-20,172,NABBC,Narayani Development Bank Limited,1743.8,1917,1743.8,1791.46,120909,216713244.5,1779.37,2060,400,2025-04-20T14:59:57.957448,1787.7,73,1792.36,4702
13,2025-04-20,176,NICL,Nepal Insurance Co. Ltd.,837,837,805.4,819.03,10274,8382898.2,821.39,1162,795.3,2025-04-20T14:57:01.024522,823,85,815.93,15486.86
14,2025-04-20,177,RBCL,Rastriya Beema Company Limited,15175,15650,15060,15200.06,160,2440139,15470.09,22493.9,12800,2025-04-20T14:59:08.808158,15200,15,15250.86,40528.91
15,2025-04-20,178,NLICL,National Life Insurance Co. Ltd.,649,649,636.1,638.8,28801,18438591.4,640.3,776.1,521.3,2025-04-20T14:59:58.625431,638,89,640.2,33295.11
16,2025-04-20,180,UAIL,United Ajod Insurance Limited,645,648,635,637.07,11236,7201432,644.39,837.3,516,2025-04-20T14:59:39.592761,640,98,640.92,13378.47
17,2025-04-20,182,SPIL,Siddhartha Premier Insurance Limited,844.73,878,837.1,854.1,14289,12218588,844.73,1076,712,2025-04-20T14:59:18.307568,854,82,855.1,23970.74
18,2025-04-20,185,SALICO,Sagarmatha Lumbini Insurance Co. Limited,729.9,738,720,727.88,4644,3368539.8,729.56,926,602,2025-04-20T14:59:16.236706,727,41,725.35,19089.66
19,2025-04-20,186,IGI,IGI Prudential insurance Limited,577.1,588,571.5,572.06,11378,6555351.3,582.96,760,508,2025-04-20T14:54:17.763763,578,83,576.14,17329.61
20,2025-04-20,188,LICN,Life Insurance Corporation (Nepal) Limited,970,982,964,967.31,21272,20617284.7,967.08,2475,964,2025-04-20T14:59:51.624796,968,224,969.22,48365.5
21,2025-04-20,192,SICL,Shikhar Insurance Co. Ltd.,815,821,800,819.51,41462,33657625.1,801.57,1120,670,2025-04-20T14:59:54.85513,819.1,257,811.77,23933.31
22,2025-04-20,195,BNL,Bottlers Nepal (Balaju) Limited,17494,18199,17494,18199,30,535368,17151,22500,14900,2025-04-20T11:49:48.913401,18199,3,17845.6,35467.79
23,2025-04-20,204,GUFL,Gurkhas Finance Ltd.,613,613,591.5,592.7,7660,4580321.9,601.85,1041,548,2025-04-20T14:59:44.50102,592.6,74,597.95,5144.6
24,2025-04-20,227,BFC,Best Finance Company Ltd.,567,567,545,546.21,12436,6818767.4,557.93,951.6,343,2025-04-20T14:59:19.961151,548.8,122,548.3,4863.59
25,2025-04-20,235,HDL,Himalayan Distillery Limited,1202.1,1210,1195,1195.55,33523,40218145.1,1201.54,1749,1136,2025-04-20T14:59:53.193619,1195,563,1199.71,36744.06
26,2025-04-20,236,PFL,Pokhara Finance Ltd.,417,433,415.1,419.83,13705,5784201.1,422.3,795,339.9,2025-04-20T14:59:55.887833,418.5,126,422.05,4544.9
27,2025-04-20,238,NMB,NMB Bank Limited,259,259,252,253.39,62621,15919993.4,258.18,300,162,2025-04-20T14:59:57.438714,253.1,171,254.22,46539.4
28,2025-04-20,244,SIFC,Shree Investment Finance Co. Ltd.,526,542,526,527.91,6902,3661068.5,533.29,795,366.4,2025-04-20T14:59:44.950106,528,55,530.43,5279.1
29,2025-04-20,135,SBI,Nepal SBI Bank Limited,425,451,418,442.68,123884,52725586.7,426.06,549,268.6,2025-04-20T14:59:29.075803,433.2,178,425.6,48248.39
30,2025-04-20,137,EBL,Everest Bank Limited,631,631,620,625.05,63635,39759228.7,619.09,790,492.1,2025-04-20T14:59:58.205171,625.5,349,624.8,80910.81
31,2025-04-20,141,LSL,Laxmi Sunrise Bank Limited,226,226,215,216.31,161304,35312297.6,223.65,300,143.6,2025-04-20T14:59:51.320649,216.3,296,218.91,52663.94
32,2025-04-20,145,SBL,Siddhartha Bank Limited,285.6,301,283.1,286.08,34008,9781406.6,291.4,380,214,2025-04-20T14:59:58.431041,287,121,287.62,40308.62
33,2025-04-20,147,SHL,Soaltee Hotel Limited,514.8,515,496.4,501.9,66230,33526347.3,509.12,636.5,416.5,2025-04-20T14:59:30.925817,503,204,506.21,51287.29
34,2025-04-20,148,TRH,Taragaon Regency Hotel Limited,1037,1047,1015.8,1026.95,1874,1930629.7,1052.11,1538,695.1,2025-04-20T14:56:31.540377,1026,38,1030.21,20149.99
35,2025-04-20,152,NHPC,National Hydro Power Company Limited,225,225,214.5,217.55,134972,29283075.9,222.9,290,136,2025-04-20T14:59:43.160436,219.9,351,216.95,5365.74
36,2025-04-20,154,CHCL,Chilime Hydropower Company Limited,488,512,487,495.02,127350,63645436,489.25,697,426.3,2025-04-20T14:59:59.894044,498,592,499.76,43474.62
37,2025-04-20,155,STC,Salt Trading Corporation,5131.4,5250,5116,5226.24,1011,5251786.9,5202.64,7000,4210,2025-04-20T14:59:57.632084,5249,54,5194.64,16761.45
38,2025-04-20,164,CBBL,Chhimek Laghubitta Bittiya Sanstha Limited,853,859.9,849,852.21,7592,6470514.7,849.33,1155,800,2025-04-20T14:59:59.865515,853,119,852.28,27401.5
39,2025-04-20,166,DDBL,Deprosc Laghubitta Bittiya Sanstha Limited,790.1,797,790.1,790.25,5827,4627668.4,800.54,1099,670,2025-04-20T14:59:32.947911,790.2,64,794.17,14764.13
40,2025-04-20,171,SANIMA,Sanima Bank Limited,310,313,307,309.54,113708,35233967.3,306.23,382,228,2025-04-20T14:59:59.666978,309.5,306,309.86,42040.25
41,2025-04-20,179,HEI,Himalayan Everest Insurance Limited,615,617.6,605,609.3,4547,2767292.7,613.35,810,558,2025-04-20T14:54:23.358234,610,39,608.59,15233.46
42,2025-04-20,183,NIL,Neco Insurance Limited,760,767.6,760,762.69,16798,12823602.7,764,1050,735,2025-04-20T14:59:37.866412,765,76,763.4,19185.09
43,2025-04-20,184,PRIN,Prabhu Insurance Ltd.,917,920,906,916.45,16456,15036717.5,918.29,1113,740,2025-04-20T14:59:46.981127,919,84,913.75,13210.52
44,2025-04-20,187,NLIC,Nepal Life Insurance Co. Ltd.,786,788,773,773.64,44780,34846882.8,785.75,1060,566,2025-04-20T14:59:57.502987,773.5,278,778.17,69850.12
45,2025-04-20,194,NFS,Nepal Finance Ltd.,699,699,681,686.21,14728,10140673.6,695.98,2614.9,426,2025-04-20T14:58:50.743383,687.5,180,688.53,5756.92
46,2025-04-20,210,CIT,Citizen Investment Trust,2003.7,2013,1970,1980.48,9867,19603272.3,1990.47,2700,1887,2025-04-20T14:59:49.072369,1982,226,1986.75,128369.02
47,2025-04-20,213,BNT,Bottlers Nepal (Terai) Limited,13299,13299,13041.5,13041.5,74,970346,13145.4,18100,12300,2025-04-20T14:14:07.287436,13041.5,6,13112.78,15780.22
48,2025-04-20,219,UNL,Unilever Nepal Limited,46502,47500,46502,47500,60,2823019,47300,56805.8,38400,2025-04-20T14:07:59.241621,47500,6,47050.31,43733.25
49,2025-04-20,232,GFCL,Goodwill Finance Limited,680,680.1,667,668.97,13971,9399658,679.49,1353,438,2025-04-20T14:59:35.201163,667,102,672.79,6329.23
50,2025-04-20,245,CFCL,Central Finance Co. Ltd.,600,600,583.1,584.84,50322,29620582.3,602.17,820,354,2025-04-20T14:59:58.730751,583.1,281,588.62,5549.4
51,2025-04-20,256,SFCL,Samriddhi Finance Company Limited,546,548,530,530.63,10609,5684356.4,541.03,1117.9,310,2025-04-20T14:59:43.461189,530,86,535.8,4345.39
52,2025-04-20,273,ICFC,ICFC Finance Limited,606.2,606.2,598.1,598.33,11819,7098653.7,603.74,910,488,2025-04-20T14:59:42.447792,598.2,112,600.61,7081.06
53,2025-04-20,274,EDBL,Excel Development Bank Ltd.,650,662,630,632.54,51586,32925904.7,658.22,838.2,343.5,2025-04-20T14:59:59.890288,634.2,234,638.27,7904.82
54,2025-04-20,307,NTC,Nepal Doorsanchar Company Limited,915,915,890,898.67,33331,29814962.7,902.74,1214,800,2025-04-20T14:59:55.593966,897.1,197,894.51,161760.6
55,2025-04-20,338,PROFL,Progressive Finance Limited,544,544,530.3,532.6,12959,6940559.9,533.67,865,313,2025-04-20T14:59:59.819308,539,112,535.57,4559.63
56,2025-04-20,341,GBIME,Global IME Bank Limited,227,231,221.7,222.8,182192,40849093,222.62,302,170,2025-04-20T14:59:36.869416,222.2,627,224.2,84922.12
57,2025-04-20,250,JFL,Janaki Finance Company Limited,516,516,500,501.33,28441,14340496.6,506.95,1083.3,400,2025-04-20T14:59:49.101954,500,180,504.21,3461.55
58,2025-04-20,255,PRVU,Prabhu  Bank Limited,213,216,209,209.57,130227,27496444.4,212.86,297,132,2025-04-20T14:59:37.576512,209.9,458,211.14,49338
59,2025-04-20,263,GMFIL,Guheshowori Merchant Bank & Finance Co. Ltd.,516,516,500.2,501.06,12053,6062077.2,506.05,759,348,2025-04-20T14:58:36.446245,500.5,73,502.95,5071.61
60,2025-04-20,268,SWBBL,Swabalamban Laghubitta Bittiya Sanstha Limited,856,856,816,824.5,6208,5108544.1,839.96,1232,711.5,2025-04-20T14:53:08.815245,836,68,822.89,13658.87
61,2025-04-20,283,KBLPO,Kumari Bank Limited Promotor Share,115,115,115,115,3136,360640,115,115,100,2025-04-20T12:57:17.907998,115,2,115,603.75
62,2025-04-20,358,LBBL,Lumbini Bikas Bank Ltd.,430,430,398.6,411.65,89576,36871459.4,430.09,560,361,2025-04-20T14:59:44.101277,412,388,411.62,14916.87
63,2025-04-20,385,ALICL,Asian Life Insurance Co. Limited,732.3,750,717.7,739.51,19702,14624461.3,747.21,831,523,2025-04-20T14:59:59.89768,744.9,109,742.28,25142.13
64,2025-04-20,403,SJLIC,SuryaJyoti Life Insurance Company Limited,450,453,440,444.17,35191,15794088.4,448.47,644,395.1,2025-04-20T14:59:59.906315,448.9,456,448.81,22261.57
65,2025-04-20,418,JBBL,Jyoti Bikas Bank Limited,351.9,351.9,339,339.88,27739,9489311.7,345.06,445,275,2025-04-20T14:59:12.410642,340,140,342.09,14940.4
66,2025-04-20,450,CORBL,Corporate Development Bank Limited,2310,2557.9,2254,2499.45,47376,114739823.2,2325.38,2842.3,405,2025-04-20T14:59:32.370084,2449.1,326,2421.89,13122.11
67,2025-04-20,516,MFIL,Manjushree Finance Ltd.,610,610,601.1,602.24,14390,8671560.1,609.25,917,490,2025-04-20T14:59:59.944194,604,109,602.61,8139.59
68,2025-04-20,574,SKBBL,Sana Kisan Bikas Laghubitta Bittiya Sanstha Limited,810,818.9,806,806.56,5909,4777525.9,806.93,1105,781,2025-04-20T14:58:25.829926,808,114,808.51,34783.88
69,2025-04-20,583,GBLBS,Grameen Bikas Laghubitta Bittiya Sanstha Ltd.,830,835,821.1,826.25,3963,3281826.3,831.25,987,600,2025-04-20T14:59:38.942758,823,60,828.11,8117.91
70,2025-04-20,587,RLFL,Reliance Finance Ltd.,523,526,516.7,517.78,16556,8607066.8,525.56,838,350,2025-04-20T14:59:09.027183,520,156,519.87,5806.65
71,2025-04-20,618,LLBS,Laxmi Laghubitta Bittiya Sanstha Ltd.,1066,1099.9,1066,1087.87,2084,2230978.6,1074.21,1428,840,2025-04-20T14:55:29.871603,1090,16,1070.52,4804.71
72,2025-04-20,632,PRVUPO,Prabhu  Bank Limited Promoter Share,110,110,110,110,12389,1362790,110,124,100,2025-04-20T12:40:14.352391,110,2,110,110
73,2025-04-20,686,BARUN,Barun Hydropower Co. Ltd.,556,561,547.2,556.74,259021,143714195.4,556.9,573.8,211,2025-04-20T14:59:58.674994,555,597,554.83,2983.1
74,2025-04-20,687,VLBS,Vijaya laghubitta Bittiya Sanstha Ltd.,851,855,842.1,849,931,788318.5,864.01,1174,670,2025-04-20T14:58:50.613667,844,31,846.74,6325.39
75,2025-04-20,694,MATRI,Matribhumi Lagubitta Bittiya Sanstha Limited,1200,1224,1192,1204.89,306,367381.7,1209.67,1716,820,2025-04-20T14:56:51.99315,1194,19,1200.59,7571.02
76,2025-04-20,695,JSLBB,Janautthan Samudayic Laghubitta Bittya Sanstha Limited,1504,1504,1435,1450.26,767,1109616.6,1478,1860.4,1080,2025-04-20T14:57:58.814416,1435,19,1446.69,2466.77
77,2025-04-20,697,API,Api Power Company Ltd.,290,292.7,285,285.41,225328,65114187.6,289.56,390,162,2025-04-20T14:59:55.217494,285.5,591,288.97,17341.31
78,2025-04-20,700,HEIP,Himalayan Everest Insurance Limited Promoter,357.3,359,357.2,358.05,1400,501140,358.89,563,327,2025-04-20T14:58:08.169501,358,6,357.95,957.8
79,2025-04-20,705,GILB,Global IME Laghubitta Bittiya Sanstha Ltd.,1284.9,1284.9,1250,1251.87,1393,1747948.2,1270.1,1815,946.1,2025-04-20T14:59:49.396842,1250,24,1254.8,7747.83
80,2025-04-20,706,SWMF,Suryodaya Womi Laghubitta Bittiya Sanstha Limited,750,750,718,726.51,4223,3065389.9,737.17,1214.8,707,2025-04-20T14:57:23.791732,732.5,79,725.87,8037.28
81,2025-04-20,2742,HIDCL,Hydorelectricity Investment and Development Company Ltd,319.3,326,314,317.29,1090237,349186888.4,313.1,360,158.1,2025-04-20T14:59:59.152893,318,2978,320.28,77925.83
82,2025-04-20,2744,GRDBL,Green Development Bank Ltd.,1419.1,1505.5,1368.2,1449.69,27025,38249040.6,1447.86,2001.4,382.2,2025-04-20T14:58:53.675289,1400,282,1415.32,8258.86
83,2025-04-20,2746,NMFBS,National Laghubitta Bittiya Sanstha Limited,1208,1232,1208,1222.69,1163,1416146.1,1226.19,1727,1115.5,2025-04-20T14:59:22.740247,1228,28,1217.66,16281.45
84,2025-04-20,348,CZBIL,Citizens Bank International Limited,213,215.9,209.1,209.51,45422,9586738.5,212.68,296,152.5,2025-04-20T14:59:37.383937,209.5,163,211.05,30942.56
85,2025-04-20,357,PCBL,Prime Commercial Bank Ltd.,267,267,253.9,254.09,113491,29169967,262.24,329,187.6,2025-04-20T14:59:01.511967,253.9,416,257.02,49300.01
86,2025-04-20,360,AHPC,Arun Valley Hydropower Development Co. Ltd.,268.7,271,263,266.65,230590,61338936.7,268.73,349,149,2025-04-20T14:59:57.440741,266.7,522,266,10260.7
87,2025-04-20,371,MDB,Miteri Development Bank Limited,664.9,674,648,652.2,34670,22867657.9,660.93,843.5,414,2025-04-20T14:59:02.891483,655,343,659.58,7937.93
88,2025-04-20,393,HLI,Himalayan Life Insurance Limited,430,430,426.6,427.06,31502,13478144.4,429.06,607,364.1,2025-04-20T14:59:46.121446,426.9,238,427.85,39047.11
89,2025-04-20,396,NMLBBL,Nerude Mirmire Laghubitta Bittiya Sanstha Limited,662,669,660.1,664.59,5944,3935648.8,663.98,988,595,2025-04-20T14:59:30.481464,669,62,662.12,9289.4
90,2025-04-20,397,ADBL,Agricultural Development Bank Limited,296,297,288.2,290.92,37196,10809294.5,291.96,428.4,225,2025-04-20T14:59:39.013593,291,190,290.6,40307.62
91,2025-04-20,401,MLBL,Mahalaxmi Bikas Bank Ltd.,407.5,407.5,388.1,390.34,77769,30541692.8,399.54,498,311.7,2025-04-20T14:59:21.095447,390,297,392.72,16770.79
92,2025-04-20,417,GBBL,Garima Bikas Bank Limited,414.9,414.9,403.2,405.37,23349,9481364.9,409.71,531.4,350.1,2025-04-20T14:58:47.421597,405,114,406.07,23027.11
93,2025-04-20,459,KSBBL,Kamana Sewa Bikas Bank Limited,454,455,447.3,450.98,25533,11505319.5,448.18,564.8,341.1,2025-04-20T14:58:48.730431,451,131,450.6,15833.21
94,2025-04-20,469,NIMBPO,Nepal Investment Mega Bank Ltd. Promoter Share,155,160,154.9,157.9,15530,2447199,154,222,122.8,2025-04-20T14:53:17.430235,157.9,23,157.57,28907.61
95,2025-04-20,471,MPFL,Multipurpose Finance Company  Limited,634,642.7,628,633,7637,4843228.6,636.68,936.9,362.5,2025-04-20T14:55:19.88841,633,74,634.17,3862.57
96,2025-04-20,472,SADBL,Shangrila Development Bank Ltd.,410,414,405.1,405.2,36991,15088347.4,409.87,497,288,2025-04-20T14:59:46.927145,405.2,136,407.89,14409.95
97,2025-04-20,473,SHINE,Shine Resunga Development Bank Ltd.,422,422,410.3,416.6,35852,14996370.8,417.79,625,354,2025-04-20T14:59:56.463005,415.6,197,418.28,20312.17
98,2025-04-20,474,MNBBL,Muktinath Bikas Bank Ltd.,366,369,363,365.59,31328,11467747.6,365.46,482,332.4,2025-04-20T14:59:49.508691,365.4,184,366.05,25762.9
99,2025-04-20,490,FMDBL,First Micro Finance Laghubitta Bittiya Sanstha Limited,766,780,760,761.06,10448,8007330.3,772,1004,594.3,2025-04-20T14:59:56.293418,760,73,766.39,10235.28
100,2025-04-20,517,NBL,Nepal Bank Limited,257.8,273,257.8,259.21,406445,106744558.1,252.79,337.5,195.1,2025-04-20T14:59:59.450855,260.5,1508,262.62,38088.38
101,2025-04-20,545,SLBBL,Swarojgar Laghubitta Bittiya Sanstha Ltd.,999.9,1000,972,983.27,6550,6453648,988.64,1250,640,2025-04-20T14:59:57.636993,990,170,985.28,6791.27
102,2025-04-20,559,NLG,NLG Insurance Company Ltd.,896.8,896.8,871,872.3,15238,13351657.3,879.23,1382,732,2025-04-20T14:59:44.7615,871.1,154,876.2,21830.69
103,2025-04-20,561,SINDU,Sindhu Bikash Bank Ltd,1057,1077.9,1040,1047.31,64608,67992754.8,1056.84,1482,345,2025-04-20T14:59:59.259163,1048,762,1052.38,5838.29
104,2025-04-20,591,SHPC,Sanima Mai Hydropower Ltd.,517,548,517,536.86,701732,375864973.6,514.67,680,316,2025-04-20T14:59:59.652953,536.1,2400,535.62,20067.79
105,2025-04-20,593,KMCDB,Kalika Laghubitta Bittiya Sanstha Ltd,1048.5,1069,1044,1055.92,1219,1284316.4,1069.85,1285,732.5,2025-04-20T14:58:11.304512,1060,51,1053.58,4304.91
106,2025-04-20,601,MLBBL,Mithila LaghuBitta Bittiya Sanstha Limited,1517.5,1533,1517.5,1531.81,1742,2660131.3,1542.14,2019,995,2025-04-20T14:59:10.496843,1532.5,34,1527.05,3430.23
107,2025-04-20,610,RIDI,Ridi Power Company Limited,234.9,235,225.4,228.74,98977,22704631.4,232.23,311,154.5,2025-04-20T14:59:53.93939,227,293,229.39,5314.43
108,2025-04-20,634,RBCLPO,Rastriya Beema Company Limited Promoter Share,12160,12350,12135,12350,250,3077450,12382.27,16270,9893.1,2025-04-20T13:52:54.814865,12350,4,12309.8,21937.26
109,2025-04-20,693,HLBSL,Himalayan Laghubitta Bittiya Sanstha Limited,966.2,971.1,959.3,960.63,2363,2275476,974.06,1447,681.1,2025-04-20T14:56:02.63492,959.3,38,962.96,3072.27
110,2025-04-20,704,NMBMF,NMB  Microfinance Bittiya Sanstha Ltd.,722.5,756.9,716,721,2022,1467349.4,734.24,918,581,2025-04-20T14:56:18.258767,721,31,725.69,5201.65
111,2025-04-20,1741,MERO,Mero Microfinance Bittiya Sanstha Ltd.,714.9,714.9,700,706.48,7478,5270509,701.33,980,602,2025-04-20T14:59:45.321845,708.5,67,704.8,10024.95
112,2025-04-20,2748,RSDC,RSDC Laghubitta Bittiya Sanstha Ltd.,692,694,685.2,688.7,19853,13685049.7,691.66,890,590.3,2025-04-20T14:58:48.222566,687.1,69,689.31,7121.6
113,2025-04-20,2760,UMHL,United Modi Hydropower Ltd.,466,473,461,465.95,273718,127235866.9,470.13,484,223.1,2025-04-20T14:59:55.894048,466,614,464.84,5733.51
114,2025-04-20,2761,SMATA,Samata Gharelu Laghubitta Bittiya Sanstha Limited,830,844,820,821.52,2274,1871330.6,832.03,1271,694.2,2025-04-20T14:59:59.941877,825,79,822.92,5167.78
115,2025-04-20,2767,HPPL,Himalayan Power Partner Ltd.,655,655,616,618.91,330336,207437445.6,667.89,711,244,2025-04-20T14:59:59.850835,621,1040,627.95,6593.97
116,2025-04-20,2768,MSLB,Mahuli Laghubitta Bittiya Sanstha Limited,1294,1319,1255,1260.09,2045,2616385.9,1269.16,1851,1064.1,2025-04-20T14:59:56.568733,1270,94,1279.4,4661.37
117,2025-04-20,2769,NHDL,Nepal Hydro Developers Ltd.,806,831,803,803,4750,3838333,815.05,1002.6,408,2025-04-20T14:59:14.442515,803,32,808.07,3117.22
118,2025-04-20,2774,USLB,Unnati Sahakarya Laghubitta Bittiya Sanstha Limited,1758,1815,1726,1809.27,12255,21882237.5,1757.62,2363.3,1320,2025-04-20T14:59:58.471645,1800,149,1785.57,4466.47
119,2025-04-20,2776,RADHI,Radhi Bidyut Company Ltd,549.9,582,530,571.16,1243539,687697368.3,539.18,582,223.2,2025-04-20T14:59:59.255792,573.5,3016,553.01,10503.52
120,2025-04-20,2781,WNLB,Wean Nepal Laghubitta Bittiya Sanstha Limited,2945.4,3175,2878,2985.59,34132,100537350.9,2887.67,4271,1212.3,2025-04-20T14:59:57.913142,2878,205,2945.54,2364.92
121,2025-04-20,2787,KPCL,Kalika power Company Ltd,555,560,540.6,544.01,12838,7062326.8,554.85,652.4,380.2,2025-04-20T14:59:44.640412,542,79,550.11,5080.78
122,2025-04-20,2788,AKJCL,Ankhu Khola Jalvidhyut Company Ltd,212,213,205.5,206.12,139315,28945896,209.87,274.9,150.9,2025-04-20T14:59:53.411508,206.9,389,207.77,4122.4
123,2025-04-20,2789,JOSHI,Joshi Hydropower Development Company Ltd,402.7,404.9,386,388.57,18491,7224814.3,394.88,521.6,265,2025-04-20T14:59:59.151449,394,154,390.72,1443.15
124,2025-04-20,2790,ACLBSL,Aarambha Chautari Laghubitta Bittiya Sanstha Limited,1061,1095,1060,1073.71,773,826688.2,1079,1491,730.4,2025-04-20T14:58:18.637558,1075,32,1069.45,3942.06
125,2025-04-20,2792,UPPER,Upper Tamakoshi Hydropower Ltd,200.3,208,200,200.58,147677,29700844,204.31,295,152.1,2025-04-20T14:59:56.423332,200.2,561,201.12,42482.84
126,2025-04-20,2806,GHL,Ghalemdi Hydro Limited,285,285.8,271,272.69,176722,48828470.9,281.97,318,141,2025-04-20T14:59:57.433833,272,456,276.3,4499.39
127,2025-04-20,2809,SHIVM,SHIVAM CEMENTS LTD,537,540,530.1,531.7,68219,36401496.4,537.1,779.9,470.5,2025-04-20T14:59:58.514687,531,302,533.59,29013.85
128,2025-04-20,2811,MHNL,Mountain Hydro Nepal Limited,277.8,278.9,268,269.61,9959,2720298,277.86,379,215.7,2025-04-20T14:59:25.481295,268.9,70,273.14,3370.13
129,2025-04-20,2815,GMFBS,Ganapati Laghubitta Bittiya Sanstha Limited,1630,1630.6,1615,1626.39,696,1132772.3,1651.2,2327,1075,2025-04-20T14:59:13.011821,1630,22,1627.54,2464.87
130,2025-04-20,2824,HURJA,Himalaya Urja Bikas Company Limited,247.1,248,240,241.59,61928,15039738.6,248.37,326.6,183.6,2025-04-20T14:59:56.978875,242.7,260,242.85,4783.48
131,2025-04-20,2828,SAND2085,10% Sanima Bank Limited Debenture,1106,1106,1106,1106,25,27650,1120,1256.6,1028,2025-04-20T11:07:51.961301,1106,1,1106,2212
132,2025-04-20,2832,ILBS,Infinity Laghubitta Bittiya Sanstha Limited,935.5,935.5,918,924.82,2672,2468106.3,935.52,1492,883,2025-04-20T14:59:20.523409,934,63,923.69,4600.2
133,2025-04-20,2835,NBF2,NABIL BALANCED FUND-2,9.63,9.94,9.63,9.76,6500,63733,9.77,10.63,7.65,2025-04-20T13:57:52.840559,9.76,8,9.8,1093.12
134,2025-04-20,2850,NMBD2085,10 % NMB DEBENTURE 2085,1104,1104,1104,1110.1,1,1110.1,1104,1135,1020,2025-04-20T12:29:12.430721,1104,1,1110.1,1869.97
135,2025-04-20,2854,NBBD2085,10.25% NBBL Debenture 2085,1110.3,1110.3,1110.3,1110.3,25,27757.5,1132.2,1250,1051,2025-04-20T13:04:51.9493,1110.3,1,1110.3,2220.6
136,2025-04-20,2863,NICBF,NIC Asia Balanced Fund,9.32,9.33,9.32,9.33,6500,60595,9.15,10.5,7.71,2025-04-20T14:58:16.840775,9.33,3,9.32,704.41
137,2025-04-20,2864,SBLD83,10.25% SBL Debenture 2083,1038.7,1038.7,1038.7,1059.4,2,2118.8,1038.7,1243,1023,2025-04-20T14:23:48.034641,1038.7,1,1059.4,2648.5
138,2025-04-20,2882,ICFCD83,12% ICFC Finance Limited Debenture 2083,1250,1250,1250,1225,2,2450,1250,1325,1165,2025-04-20T11:12:12.716001,1250,1,1225,245
139,2025-04-20,2890,SBIBD86,10% Nepal SBI Bank Debenture 2086,1102.3,1102.3,1102.3,1112,1,1112,1102.3,1154.9,1015.1,2025-04-20T14:18:47.405798,1102.3,1,1112,2261.68
140,2025-04-20,2743,NGPL,Ngadi Group Power Ltd.,320,332.5,311,326.49,1801764,572778840.4,319.39,571,250,2025-04-20T14:59:59.033625,330,3700,317.89,12088.48
141,2025-04-20,2751,KKHC,Khanikhola Hydropower Co. Ltd.,359.9,359.9,347,349.03,10479,3682414.3,354.36,475,213,2025-04-20T14:59:40.544207,349.9,87,351.4,1625.48
142,2025-04-20,2754,DHPL,Dibyashwori Hydropower Ltd.,379,396,374.9,379.15,93967,35510009.3,385.08,427.2,185.3,2025-04-20T14:59:52.940549,376,404,377.89,1000.96
143,2025-04-20,2757,AKPL,Arun Kabeli Power Ltd.,234,237,230.5,231.87,99342,23138876.8,237.83,326,157.2,2025-04-20T14:59:39.295175,231.6,295,232.92,9033.52
144,2025-04-20,2758,FOWAD,Forward Microfinance Laghubitta Bittiya Sanstha Limited,1150.1,1169,1150,1156.27,2867,3313032.5,1156.98,1739,1088,2025-04-20T14:51:58.717195,1157,55,1155.57,13828.46
145,2025-04-20,2759,SPDL,Synergy Power Development Ltd.,342,345,337,342.83,88291,30136166.6,342.47,389,220.2,2025-04-20T14:59:26.549385,343,309,341.32,4147.77
146,2025-04-20,2766,CHL,Chhyangdi Hydropower Ltd.,474.8,483,466.6,473.15,60109,28606217.4,467.94,599.7,300.9,2025-04-20T14:59:58.323823,473.1,209,475.9,1830.98
147,2025-04-20,2770,SEF,Siddhartha Equity Fund,9.87,9.95,9.86,9.9,55600,550466,9.89,10.49,7.7,2025-04-20T14:59:36.763906,9.9,12,9.9,1485
148,2025-04-20,2771,SMB,Support Microfinance Bittiya Sanstha Ltd.,2410,2410,2360,2392.5,876,2083028.2,2411.91,4026.2,1300,2025-04-20T14:58:29.210776,2405,44,2377.88,2929.46
149,2025-04-20,2784,NADEP,Nadep Laghubittiya bittya Sanstha Ltd.,854.2,879,854.2,879,920,799423,870.02,1190,665,2025-04-20T14:50:59.446804,879,16,868.93,4269.83
150,2025-04-20,2786,PMHPL,Panchakanya Mai Hydropower Ltd,304,309,299,302.19,11106,3363386.8,309.98,348.8,214.2,2025-04-20T14:59:49.391606,304,72,302.84,3324.09
151,2025-04-20,2804,SLBSL,Samudayik Laghubitta Bittiya Sanstha Limited,1751,1785,1735.3,1767.98,4878,8603207.6,1782.79,3047,804,2025-04-20T14:59:57.494999,1735.3,90,1763.67,3019.8
152,2025-04-20,2807,ALBSL,Asha Laghubitta Bittiya Sanstha Ltd,826,834.9,805,832.7,6825,5560699.6,841.35,1177,696.2,2025-04-20T14:45:10.038921,832.7,89,814.75,6104.08
153,2025-04-20,2810,UPCL,UNIVERSAL POWER COMPANY LTD,324.9,324.9,312.9,316.41,269380,85139378.9,319.82,345,183,2025-04-20T14:59:51.369068,318,643,316.05,7213.93
154,2025-04-20,2813,PPCL,Panchthar Power Compant Limited,336,342.7,331.1,332.8,53083,17830215.1,339.18,367.2,220,2025-04-20T14:59:55.08687,334.5,167,335.89,3203.2
155,2025-04-20,2826,GLBSL,Gurans Laghubitta Bittiya Sanstha Limited,2886.5,2990,2886.5,2906.84,1668,4896031.1,2945.32,3486,1560,2025-04-20T14:59:43.186306,2915.5,46,2935.27,3367.56
156,2025-04-20,2829,SMFBS,Swabhimaan Laghubitta Bittiya Sanstha Limited,1902,1940,1831,1845.33,1686,3154922.6,1864.89,2426.4,1111,2025-04-20T14:59:32.875013,1831,38,1871.24,2696.74
157,2025-04-20,2831,UNHPL,Union Hydropower Limited,341,341,323.9,328.77,39886,13150387.2,335.67,371,212.6,2025-04-20T14:59:58.326288,329,212,329.69,2465.78
158,2025-04-20,2841,RHPL,RASUWAGADHI HYDROPOWER COMPANY LIMITED,393,403,393,394.18,43915,17388997.7,400.64,527,260.3,2025-04-20T14:59:39.224694,395,206,395.96,26970.19
159,2025-04-20,2842,SJCL,SANJEN JALAVIDHYUT COMPANY LIMITED,332,334,325.6,327.45,9272,3055459.8,333.7,442,256,2025-04-20T14:58:49.834281,328,115,329.53,11951.92
160,2025-04-20,2859,SIGS2,Siddhartha Investment Growth Scheme - 2,9.91,10.2,9.91,10.01,12380,123705,10.1,10.39,7.71,2025-04-20T14:23:19.766659,10.01,8,9.99,1201.2
161,2025-04-20,2860,SAPDBL,Saptakoshi Development Bank Ltd,1155.9,1177.9,1110,1120.73,43766,49306223.9,1179.48,1622.7,285,2025-04-20T14:59:59.392077,1123.8,382,1126.58,9350.68
162,2025-04-20,2862,CMF2,CITIZENS MUTUAL FUND 2,9.37,9.5,9.37,9.5,10800,102469,9.4,10.68,7.65,2025-04-20T14:17:11.634087,9.5,7,9.48,532
163,2025-04-20,2867,NMB50,NMB 50,10.7,10.75,10.59,10.6,12515,132999.5,10.6,12.54,8.95,2025-04-20T14:33:04.735393,10.6,7,10.62,1325
164,2025-04-20,2869,NICAD8283,11% NIC Asia Debenture 082/83,1140,1140,1120,1120,38,42560,1140,1262.7,1032.5,2025-04-20T11:28:17.289536,1120,2,1120,2049.6
165,2025-04-20,2872,SBLD2082,10.50% SBL Debenture 2082,1060,1060,1060,1060,25,26500,1060.8,1259.5,1025.1,2025-04-20T14:43:14.698084,1060,1,1060,2292.31
166,2025-04-20,2877,SFMF,Sunrise First Mutual Fund,10.15,10.15,10.11,10.11,5100,51565,10.12,11.99,9.22,2025-04-20T14:33:39.683645,10.11,2,10.11,869.46
167,2025-04-20,2880,HDHPC,Himal Dolakha Hydropower Company Limited,203,207.9,202.1,203.04,101226,20631038.8,207.13,273,123.3,2025-04-20T14:59:52.763708,203.9,341,203.81,5685.12
168,2025-04-20,2896,SMPDA,Sampada Laghubitta Bittiya Sanstha Limited,1005.1,1033,990,991.2,12124,12128870.4,1015.7,1470.8,687,2025-04-20T14:59:20.220562,992,132,1000.4,6946.91
169,2025-04-20,2902,LUK,Laxmi Unnati Kosh,9.43,9.61,9.43,9.57,12580,120319.8,9.62,10.22,8.16,2025-04-20T14:47:56.471758,9.57,6,9.56,624.56
170,2025-04-20,2913,MEN,Mountain Energy Nepal Limited,591,599,583,584.33,27555,16248531.9,591.11,809.5,500.8,2025-04-20T14:59:59.45795,584,191,589.67,15208.45
171,2025-04-20,2917,CGH,Chandragiri Hills Limited,870,880,870,873.17,15234,13333896.3,874.02,1360,760,2025-04-20T14:59:32.426157,873.1,143,875.27,13395.22
172,2025-04-20,2919,NIFRA,Nepal Infrastructure Bank Limited,302,318,301.9,305.86,1245817,386221866.8,303.35,366.6,188.1,2025-04-20T14:59:59.668144,307,3634,310.01,66065.76
173,2025-04-20,2933,KEF,Kumari Equity Fund,9,9,8.82,8.96,13050,116675.11,9.16,10.76,7.85,2025-04-20T14:47:36.345619,8.96,23,8.94,896
174,2025-04-20,2934,SHEL,Singati Hydro Energy Limited,261,262.9,251.1,252.8,167090,42559343.8,260.33,334.4,143.1,2025-04-20T14:59:59.816014,253,433,254.7,7331.2
175,2025-04-20,2935,RURU,Ru Ru Jalbidhyut Pariyojana Limited,749,754.5,730,737.96,10839,8055861.7,740.95,926.8,484.9,2025-04-20T14:59:14.575237,737.2,101,743.22,4186.61
176,2025-04-20,2937,SBCF,Sunrise Bluechip Fund,9.36,9.36,9.2,9.26,17330,160666.6,9.36,10.04,7.36,2025-04-20T14:59:27.355205,9.26,12,9.27,1157.5
177,2025-04-20,4949,NIBSF2,NIBL Samriddhi Fund -2,8.36,8.44,8.36,8.44,8100,67784,8.44,9.6,7.4,2025-04-20T14:37:16.621611,8.44,8,8.36,1266
178,2025-04-20,4950,JBLBP,Jeevan Bikas Laghubitta  Bittya Sanstha Ltd Promoter,100,100,100,100,20450,10863250,100,100,100,2025-04-20T14:49:56.655692,100,19,531.21,608.4
179,2025-04-20,4951,JBLB,Jeevan Bikas Laghubitta  Bittya Sanstha Ltd,1320.1,1357,1320.1,1329.64,2788,3724590.7,1331.59,1920,1270,2025-04-20T14:59:54.246791,1332.4,126,1335.93,20425.55
180,2025-04-20,4959,NBLD87,8.5% Nepal Bank Debenture 2087,1066,1076.1,1066,1075,624,667250.5,1055,1076.1,916,2025-04-20T14:58:34.035071,1075,11,1069.31,3762.5
181,2025-04-20,4967,NICSF,NIC Asia Select Fund 30,9.09,9.22,9,9.1,13520,123639,9.09,11.45,8.31,2025-04-20T14:59:55.239511,9.1,15,9.14,1137.5
182,2025-04-20,4968,RMF1,RBB Mutual Fund 1,9.5,9.63,9.5,9.53,371125,3563978.9,9.45,10.19,7.46,2025-04-20T14:55:43.693134,9.53,17,9.6,1191.25
183,2025-04-20,4969,MND84/85,Muktinath Debenture 2084/85,1076,1080,1076,1080,318,343330.7,1072.9,1091.4,950.9,2025-04-20T14:59:32.813715,1080,4,1079.65,1350
184,2025-04-20,5982,SRLI,Sanima Reliance Life Insurance Limited,410.3,423,410.3,415.97,28436,11886724.2,418.67,654,403.1,2025-04-20T14:59:53.557589,417.5,350,418.01,20860.58
185,2025-04-20,6984,PBD85,8.75 % Prime Debenture 2085,1042,1076,1042,1074.8,111,119291.8,1042,1080,970,2025-04-20T14:52:40.190237,1076,3,1074.7,2631.07
186,2025-04-20,6985,SDBD87,Shangri-la Development Bank Debenture 2087,1103.5,1120,1103.5,1114,921,1021341,1082,1120,947,2025-04-20T12:41:51.671204,1114,9,1108.94,835.5
187,2025-04-20,7985,MBLD87,8.5% Machhapuchchhre Debenture 2087,1046,1054.1,1046,1054.1,13,13700.3,1046,1080,931,2025-04-20T14:51:20.586573,1054.1,2,1053.86,2375.41
188,2025-04-20,8004,GBILD86/87,Global IME Bank Limited Debenture 2086/87,1056,1089,1056,1070.1,88,95619.2,1056,1089,935.5,2025-04-20T14:49:02.192968,1070.1,3,1086.58,3210.3
189,2025-04-20,8018,MLBS,Manushi Laghubitta Bittiya Sanstha Limited,1801.9,1801.9,1735.3,1750.26,350,610866,1769.5,2530,1130,2025-04-20T14:59:26.079104,1760,19,1745.33,1914.35
190,2025-04-20,8020,JBBD87,Jyoti Bikash Bank Bond 2087,1113,1113,1086.1,1086.1,323,358826.5,1075,1113,965,2025-04-20T12:37:01.07671,1086.1,3,1110.91,1629.15
191,2025-04-20,8025,SPC,Samling Power Company Limited,547,560,535,537.85,41774,22791688.1,553.64,722,464,2025-04-20T14:59:58.330634,545,210,545.59,2689.25
192,2025-04-20,8032,BNHC,Buddha Bhumi Nepal Hydropower Company Limited,518,518,508.3,513.98,13477,6906950.3,508.96,742,422,2025-04-20T14:59:57.181345,517,122,512.49,2055.92
193,2025-04-20,8033,GBBD85,Garima Debenture, 2085,1060.2,1060.2,1060.2,1060.2,25,26505,1070,1090.3,940,2025-04-20T13:14:22.606398,1060.2,1,1060.2,1060.2
194,2025-04-20,8034,ENL,Emerging Nepal Limited,1269,1289.8,1228.1,1245.5,2125,2643642,1245,1453.5,766,2025-04-20T14:53:10.425018,1245,46,1244.06,6920
195,2025-04-20,8041,NESDO,NESDO Sambridha Laghubitta Bittiya Sanstha Limited,1801,1819,1801,1808.26,440,795877,1835.14,2641,1641,2025-04-20T14:58:19.703242,1809,24,1808.81,5268.14
196,2025-04-20,2881,NRIC,Nepal Reinsurance Company Limited,1295,1308.9,1270,1271.64,108782,139513757.2,1290.41,1389.9,630.1,2025-04-20T14:59:59.406081,1270,624,1282.5,170681.9
197,2025-04-20,2885,KBLD86,10.25% KBL Debenture 2086,1129,1129,1129,1129,25,28225,1129.95,1257.4,1025,2025-04-20T14:57:09.209558,1129,1,1129,3387
198,2025-04-20,2886,ADBLD83,10.35% Agricultural Bank Debenture 2083,1110,1110,1110,1132,955,1060160,1130,1160,1049,2025-04-20T14:28:27.476505,1110,2,1110.11,2830
199,2025-04-20,2887,NICLBSL,NIC ASIA Laghubitta Bittiya Sanstha Limited,643,648,635.1,639.78,5380,3463814.6,646.17,907,622.3,2025-04-20T14:55:12.923616,640,113,643.83,11128.59
200,2025-04-20,2892,NBLD82,10% Nabil Debenture 2082,1052.6,1052.6,1052.5,1052.5,54,56838.5,1070,1248,995,2025-04-20T14:22:12.9559,1052.5,3,1052.56,2105
201,2025-04-20,2898,NRN,NRN Infrastructure and Development Limited,1900,1930,1881,1901.55,176981,337034148,1900.01,1953,478.3,2025-04-20T14:59:58.328398,1899,1241,1904.35,24422.98
202,2025-04-20,2903,LEC,Liberty Energy Company Limited,215.28,216.9,210.5,210.92,109559,23320817.5,215.28,344,175.1,2025-04-20T14:59:57.995623,210.6,318,212.86,4745.7
203,2025-04-20,2904,PBLD84,10% Prabhu Bank Debenture 2084 ,1097.3,1097.3,1097.3,1097.3,150,164595,1100,1130,997,2025-04-20T11:26:38.646406,1097.3,1,1097.3,2194.6
204,2025-04-20,2907,SSHL,Shiva Shree Hydropower Ltd,240,242,233.3,234.7,121540,28742241.5,243.48,281.1,154,2025-04-20T14:59:52.554164,233.5,386,236.48,3465.11
205,2025-04-20,2908,SGIC,Sanima GIC Insurance Limited,595,600,588,589.38,12071,7164339.7,596.15,817.1,508.1,2025-04-20T14:59:51.938954,591,160,593.51,12671.67
206,2025-04-20,2914,UMRH,United IDI Mardi RB Hydropower Limited.,640.6,640.6,612.5,614.83,25061,15584481.7,631.73,790,325,2025-04-20T14:59:57.465296,615,174,621.86,2833.28
207,2025-04-20,2915,PMLI,Prabhu Mahalaxmi Life Insurance Limited,566,570,555,560.55,11904,6691775.1,566.11,732.2,473,2025-04-20T14:59:46.924377,560,181,562.14,26489.35
208,2025-04-20,2922,SBD87,8.5% Sanima Debenture 2087,1050,1050,1050,1055.1,31,32555.1,1060,1080,940,2025-04-20T14:17:01.136386,1050,2,1050.16,3220.59
209,2025-04-20,2923,SLCF,Sanima Large Cap Fund,9.6,9.95,9.6,9.94,72400,717851,9.79,10.6,7.7,2025-04-20T14:59:55.590463,9.95,15,9.91,1192.8
210,2025-04-20,2924,GLH,GreenLife Hydropower Limited,250.9,252,241.5,243.64,32088,7929077.5,250.57,336,196,2025-04-20T14:59:51.096921,241.5,173,247.1,4385.52
211,2025-04-20,2925,MLBSL,Mahila Lagubitta Bittiya Sanstha Limited ,2299,2299,2230.1,2245.46,2072,4655700.7,2264.06,2648.7,1647,2025-04-20T14:59:55.144149,2266.9,43,2246.95,4885.28
212,2025-04-20,3946,CHDC,CEDB Holdings Limited,2574.1,2730,2574.1,2613.82,69169,181246034,2626.54,2730,627,2025-04-20T14:59:57.833251,2619,778,2620.33,27033.1
213,2025-04-20,4947,PSF,Prabhu Select Fund,10.21,10.53,10.21,10.53,46980,491492.3,10.35,11.1,8.36,2025-04-20T14:43:36.461687,10.53,23,10.46,1316.25
214,2025-04-20,4948,KSBBLD87,9% Kamana Sewa Bikas Bank Limited Debenture 2087,1104,1104,1104,1104,645,712080,1086,1104,980,2025-04-20T11:25:44.275095,1104,1,1104,1104
215,2025-04-20,4961,BOKD86,8.5% BOK Debenture 2086,1069,1072.5,1069,1070,202,216152.5,1055.1,1080,950,2025-04-20T11:52:57.015557,1070,5,1070.06,1712
216,2025-04-20,4965,SAMAJ,Samaj Laghubittya Bittiya Sanstha Limited,2500,2505,2463,2499.5,546,1352199.5,2504.68,4181,1780,2025-04-20T14:55:14.39264,2500,22,2476.55,571.14
217,2025-04-20,7986,NICD88,NIC ASIA Rinpatra 2088,1080,1080,1080,1080,45,48600,1065,1083,935,2025-04-20T11:31:31.534935,1080,2,1080,1699.78
218,2025-04-20,8003,RBBD83,8.5% RBBL Debenture 2083,1032,1032,1032,1037,2,2074,1032,1062,946.5,2025-04-20T12:35:28.000239,1032,1,1037,2592.5
219,2025-04-20,8005,MKJC,Mailung Khola Jal Vidhyut Company Limited,560.1,567,551,555.02,27290,15181455.7,563.69,735,402,2025-04-20T14:58:46.268241,555,156,556.3,2088.65
220,2025-04-20,8021,SAHAS,Sahas Urja Limited,515,515.5,508,509.32,109876,56238305.1,514.48,725,409.5,2025-04-20T14:59:46.392707,509.9,803,511.83,19252.3
221,2025-04-20,8022,TPC,Terhathum Power Company Limited,531,549.2,531,535.23,9504,5130143.5,538.75,671.6,410,2025-04-20T14:59:31.813638,536,98,539.78,2140.92
222,2025-04-20,8023,MMF1,Mega Mutual Fund -1,8.93,8.97,8.75,8.77,30221,266187.41,8.82,9.72,6.53,2025-04-20T14:59:43.534497,8.77,34,8.8,1096.25
223,2025-04-20,8024,NBF3,Nabil Balanced Fund-3,9.8,9.99,9.45,9.49,628138,6242098.32,9.8,10.45,7.05,2025-04-20T14:58:05.811482,9.48,67,9.93,1186.25
224,2025-04-20,8043,CBLD88,Civil Bank Debenture 2088,1134,1179,1134,1179,652,760231.6,1134,1254.2,1018,2025-04-20T13:42:08.702967,1179,8,1165.99,3537
225,2025-04-20,8044,EBLD86,Everest Bank Limited,1057.1,1057.1,1057,1057,50,52854,1051.1,1080,937,2025-04-20T14:18:50.797448,1057,2,1057.08,905.62
226,2025-04-20,8045,GVL,Green Ventures Limited,470,471,460.1,462.06,26754,12397103.5,468.84,699.9,402.4,2025-04-20T14:57:28.344969,465,229,463.37,15883.31
227,2025-04-20,8063,ULBSL,Upakar Laghubitta Bittiya Sanstha Limited,3318,3443,3315,3372.87,6011,20225367.9,3385.64,6600,1295,2025-04-20T14:59:53.728733,3335,115,3364.72,3580.24
228,2025-04-20,8066,RFPL,River Falls Power Limited,665,665,653,655.54,19318,12721679.7,663.67,1484,322.9,2025-04-20T14:59:58.526576,653.2,213,658.54,4588.78
229,2025-04-20,8070,DORDI,Dordi Khola Jal Bidyut Company Limited,378,378,365,366.41,10686,3943246.9,371.37,696,356.4,2025-04-20T14:59:40.900552,367,117,369.01,7725.83
230,2025-04-20,8076,HHL,Himalayan Hydropower Limited,470.3,490,470.3,481.62,9489,4595666.2,479.8,635,330.5,2025-04-20T14:59:41.023375,483,120,484.31,5273.74
231,2025-04-20,8100,SGHC,Swet-Ganga Hydropower & Construction Limited ,512.5,515,500,502.73,11405,5776810.5,511.45,649.5,308.1,2025-04-20T14:59:44.380117,500.6,108,506.51,8008.49
232,2025-04-20,8102,MHL,Mandakini Hydropower Limited,705,712,696.2,697.18,4320,3038281,706.85,1101,384,2025-04-20T14:59:14.434142,697,71,703.3,4509.13
233,2025-04-20,8106,GIBF1,Global IME Balanced Fund-1,10.06,10.18,10.06,10.18,5400,54779,10.18,10.72,7.92,2025-04-20T14:21:35.870187,10.18,13,10.14,1044.23
234,2025-04-20,8122,PPL,People's Power Limited,515,519,509,514.49,7099,3654934.7,519.05,683.4,428,2025-04-20T14:59:57.265687,511,109,514.85,3254.66
235,2025-04-20,8123,DLBS,Dhaulagiri Laghubitta Bittiya Sanstha Limited,1562,1594,1520,1545.59,1817,2800222.5,1562.95,2250,1091,2025-04-20T14:59:45.459362,1532.1,51,1541.12,2057.18
236,2025-04-20,8133,PHCL,Peoples Hydropower Company Limited,608.8,617,600,610.56,51558,31313758.6,621.09,745.6,275.1,2025-04-20T14:59:51.714179,610,242,607.35,19537.92
237,2025-04-20,9135,BHPL,Barahi Hydropower Public Limited,1016.4,1111,1016.4,1047.88,10961,11367136.5,1037.14,1275,449,2025-04-20T14:47:17.895662,1047.9,101,1037.05,2619.7
238,2025-04-20,9138,NIBLGF,NIBL Growth Fund,8.53,8.93,7.84,8.82,329880,2943469.5,8.7,10.64,7.69,2025-04-20T14:54:06.031882,8.82,33,8.92,1164.24
239,2025-04-20,9147,SPL,Shuvam Power Limited,865,882.3,858,866.75,1910,1646309,873.99,1109.6,623.5,2025-04-20T14:59:39.07329,874,38,861.94,1733.5
240,2025-04-20,9148,SMH,Super Mai Hydropower Limited,973,975,914,920.38,1538,1446796.8,954.31,1283,640,2025-04-20T14:58:43.747652,922,37,940.7,4924.03
241,2025-04-20,9149,MKHC,Maya Khola Hydropower Company Limited,500,510,499,504.39,12726,6382108,508.2,627,298,2025-04-20T14:59:57.610477,500.2,174,501.5,5043.9
242,2025-04-20,9151,KDL,Kalinchowk Darshan Limited,1120,1120,1101.1,1103.92,1567,1735576.7,1123.32,1381,752.1,2025-04-20T14:56:34.965284,1102.6,47,1107.57,6623.52
243,2025-04-20,9154,SFEF,Sunrise Focused Equity Fund,9.38,9.46,9.38,9.46,1200,11290,9.51,10.66,7.6,2025-04-20T14:06:13.388176,9.46,5,9.4,946
244,2025-04-20,9158,MHCL,Molung Hydropower Company Limited,537.1,542,520,523.76,18774,9884981,537.25,655,355,2025-04-20T14:59:59.852932,521,146,526.52,4203.17
245,2025-04-20,9159,SMJC,Sagarmatha Jalabidhyut Company Limited,600,600,571.2,576.17,23932,13867448.3,589.2,800,343.6,2025-04-20T14:59:59.342984,576,236,579.45,6759.63
246,2025-04-20,9167,MKHL,Mai Khola Hydropower Limited,690,690,673,673.4,3294,2246117.2,681.48,765,399,2025-04-20T14:59:53.723422,673,56,681.88,2640.78
247,2025-04-20,9171,BEDC,Bhugol Energy Development Company Limited,735,740,718,728.18,20779,15113781.4,746.4,1080,337.2,2025-04-20T14:59:55.730308,726.8,182,727.35,3961.69
248,2025-04-20,9173,CITY,City Hotel Limited,863,876,853,853,3680,3188294.1,862.76,1168.5,562,2025-04-20T14:57:26.902725,853,76,866.38,14279.22
249,2025-04-20,9176,IHL,Ingwa Hydropower Limited,693,705,680,686.58,7747,5390186.9,693.49,838,359.1,2025-04-20T14:59:36.599037,689.7,74,695.77,4119.48
250,2025-04-20,9183,NRM,Nepal Republic Media Limited,495,495,476.3,478.98,21964,10616846.5,491.01,645,338.1,2025-04-20T14:59:41.931691,480,257,483.37,4634.13
251,2025-04-20,9192,USHL,Upper Syange Hydropower Limited,705.8,730.4,705.8,710.26,1849,1312801,716.12,961,450,2025-04-20T14:58:41.650463,710,48,710,1562.57
252,2025-04-20,8026,NYADI,Nyadi Hydropower Limited,580,603,557,561.83,55415,31380900.6,580.27,880,276,2025-04-20T14:59:48.913344,562,377,566.28,8427.45
253,2025-04-20,8031,MBJC,Madhya Bhotekoshi Jalavidyut Company Limited,329.3,332,324.1,325.3,35316,11563193.1,330.98,433,279.3,2025-04-20T14:59:23.843014,326,409,327.42,19518
254,2025-04-20,8055,BHL,Balephi Hydropower Limited,240.5,240.5,220.8,227.49,2483763,566793809.6,245.32,520,211.7,2025-04-20T14:59:59.994662,227,5770,228.19,8316.9
255,2025-04-20,8065,CYCL,CYC Nepal Laghubitta Bittiya Sanstha Limited,1630,1658,1606,1641.91,2976,4875622.9,1625.68,1958,1400,2025-04-20T14:59:45.731511,1647,134,1638.31,4374.45
256,2025-04-20,8068,CCBD88,Century Debenture 2088,1138.2,1192,1138.2,1157,480,568746,1137.1,1250,1029,2025-04-20T12:21:37.444595,1157,8,1184.88,2545.4
257,2025-04-20,8073,NICFC,NIC Asia Flexi CAP Fund,9.06,9.2,9.03,9.2,1700,15421,9.24,10.99,8.13,2025-04-20T14:59:01.039818,9.2,12,9.07,93.84
258,2025-04-20,8074,KDBY,Kumari Dhanabriddhi Yojana,9.17,9.28,9.17,9.28,2500,23049,9.33,11,8.26,2025-04-20T14:29:22.060121,9.28,20,9.21,37.12
259,2025-04-20,8075,BHDC,Bindhyabasini Hydropower Development Company Limited,555.5,560,545.3,548.86,7613,4200650.9,559.1,829.7,460.1,2025-04-20T14:54:05.774253,553,129,551.77,6201.02
260,2025-04-20,8097,PBD88,10% Prime Debenture 2088,1151,1151,1150,1150,150,172550,1140.48,1219.7,1001,2025-04-20T14:22:04.614628,1150,3,1150.33,2003.17
261,2025-04-20,8099,UHEWA,Upper Hewakhola Hydropower Company Limited,680,691,661.7,669.73,11101,7430805.5,685.07,993.4,366.7,2025-04-20T14:59:43.537484,667.6,152,669.38,3348.65
262,2025-04-20,8104,USHEC,Upper Solu Hydro Electric Company Limited,567,567,542,546.7,13008,7147714.5,566.94,752,356.1,2025-04-20T14:59:41.309805,545,131,549.48,7380.45
263,2025-04-20,8108,RHGCL,Rapti Hydro And General Construction Limited,538,538,520,521.76,8093,4224756.5,528.7,708,319.4,2025-04-20T14:59:48.125565,525,104,522.02,3197.31
264,2025-04-20,8110,SBID83,10.25% Nepal SBI Bank Debenture 2083,1105,1105,1105,1105,15,16575,1099.9,1147.4,1015.1,2025-04-20T11:52:52.532543,1105,1,1105,2653.64
265,2025-04-20,8111,HIDCLP,Hydorelectricity Investment and Development Company Limited Promoter,195,202,193.5,195.03,1308368,257688730.3,193.7,212,97.2,2025-04-20T14:59:57.993267,196,1535,196.95,6435.99
266,2025-04-20,8117,AVYAN,Aviyan Laghubitta Bittiya Sanstha Limited,1056,1098,1042,1053.86,1238,1312785.1,1077.53,1306.8,663,2025-04-20T14:59:27.062267,1045.1,55,1060.4,2634.65
267,2025-04-20,8121,SPHL,Sayapatri Hydropower Limited,750,765,750,756.69,1928,1451914,752.73,922,443,2025-04-20T14:59:55.624684,750,49,753.06,2270.07
268,2025-04-20,8125,NSIF2,NMB Sulav Investment Fund - 2,10.11,10.3,10.11,10.21,205127,2097455.25,10.28,12.47,8.65,2025-04-20T14:58:28.7204,10.2,25,10.22,1246.64
269,2025-04-20,8126,SIKLES,Sikles Hydropower Limited,1091,1110,1063.5,1086.08,1550,1681380,1106.38,1475,480,2025-04-20T14:55:48.871709,1090,48,1084.76,9231.68
270,2025-04-20,8131,EHPL,Eastern Hydropower Limited,688,698,678,680.43,5729,3933751,689.93,997,431.8,2025-04-20T14:59:53.341239,681,73,686.63,4218.67
271,2025-04-20,8132,SHLB,Shrijanshil Laghubitta Bittiya Sanstha Limited,2200,2200,2172,2172.1,610,1328852,2203.84,2907,1160,2025-04-20T14:06:04.258595,2172.1,28,2178.44,2375.73
272,2025-04-20,9139,SAGF,Sanima Growth Fund,9.4,9.58,9.4,9.43,300,2841,9.5,10.93,8.44,2025-04-20T14:04:52.939552,9.43,3,9.47,634.2
273,2025-04-20,9140,UNLB,Unique Nepal Laghubitta Bittiya Sanstha Limited,2302,2302,2232.4,2265.44,400,900046,2277.67,3223,1565,2025-04-20T14:57:56.645995,2274,27,2250.11,3365.88
274,2025-04-20,9146,SMHL,Super Madi Hydropower Limited,1059,1066,964.4,1032.21,80300,80439264.4,1070.9,1657,421.5,2025-04-20T14:59:59.99657,1025,370,1001.73,22760.23
275,2025-04-20,9150,AHL,Asian Hydropower Limited,720,738,715,734.25,4587,3324027.7,720.68,904,426.1,2025-04-20T14:57:32.898563,738,77,724.66,2496.45
276,2025-04-20,9152,EBLEB89,Everest Bank Limited Energy Bond, 2089,1035,1035,1035,1035,342,353970,1016,1035,1000,2025-04-20T14:07:16.484143,1035,2,1035,772.97
277,2025-04-20,9156,TAMOR,Sanima Middle Tamor Hydropower Limited,550,550,535,535.04,13738,7406424.2,542.17,637,348,2025-04-20T14:59:57.105303,535,198,539.11,17830.21
278,2025-04-20,9161,ANLB,Aatmanirbhar Laghubitta Bittiya Sanstha Limited,5300,5460,5257.1,5370.83,866,4598367,5352.95,6735,1910,2025-04-20T14:59:00.277424,5370.5,32,5309.89,4207.69
279,2025-04-20,9166,MAKAR,Makar Jitumaya Suri Hydropower Limited,720,728.2,711.1,720.28,6766,4856177.2,721.27,860,342,2025-04-20T14:58:40.692386,721,87,717.73,5474.13
280,2025-04-20,9194,TSHL,Three Star Hydropower Limited,796.3,805,791,793.23,2707,2151616.7,800.18,1231,475.4,2025-04-20T14:59:59.620371,791,48,794.83,3906.66
281,2025-04-20,9197,LBBLD89,11% L.B.B.L. Debenture 2089,1229,1245,1229,1251,373,463679,1205,1270,1049.6,2025-04-20T14:56:37.207002,1245,5,1243.1,1251
282,2025-04-20,9198,LVF2,Laxmi Value Fund 2,9.22,9.5,9.22,9.49,1000,9407,9.39,10.01,7.5,2025-04-20T13:56:20.430773,9.49,8,9.4,759.2
283,2025-04-20,9201,SNLI,Sun Nepal Life Insurance Company Limited,516,525,500,509.23,36004,18372500.9,516.66,744.5,447.2,2025-04-20T14:59:55.451229,509,586,510.29,25620.54
284,2025-04-20,9208,ULHC,Upper Lohore Khola Hydropower Company Limited,520,529.9,520,523.44,16181,8493435,527.36,693,317,2025-04-20T14:59:59.215112,523,150,524.9,2668.52
285,2025-04-20,9209,CLI,Citizen Life Insurance Company Limited,502,509,499,499.57,21021,10543190.9,503.61,774.9,430,2025-04-20T14:59:41.019599,499,357,501.55,24978.5
286,2025-04-20,9212,MANDU,Mandu Hydropower Limited,931,932,893,895.88,3947,3582263,913.83,1493.1,725.2,2025-04-20T14:59:12.548767,895,57,907.59,12216.55
287,2025-04-20,9214,BGWT,Bhagawati Hydropower Development Company Limited,996.1,1015,996,1000.01,3783,3792151.5,1009.31,1361.7,579.1,2025-04-20T14:59:55.866743,998.7,61,1002.41,5949.53
288,2025-04-20,9216,SONA,Sonapur Minerals And Oil Limited,474,477,467,468.05,35626,16809709.3,475.05,624,422.1,2025-04-20T14:59:45.013989,470,418,471.83,14392.77
289,2025-04-20,9217,MMKJL,Mathillo Mailun Khola Jalvidhyut Limited,680,690,667,671.02,6569,4429594.1,693.59,890.4,401.1,2025-04-20T14:59:04.909431,690,84,674.31,6710.2
290,2025-04-20,9220,KBLD90,10% KBL Debenture 2090,1117.4,1117.4,1117.4,1117.4,40,44696,1140,1324.9,1000,2025-04-20T11:55:30.996319,1117.4,2,1117.4,5587
291,2025-04-20,9225,VLUCL,Vision Lumbini Urja Company Limited ,661,665.1,655.4,657.48,6254,4128872.7,668.55,816,445.1,2025-04-20T14:59:57.463764,660,115,660.19,12574.31
292,2025-04-20,9231,CIZBD90,10% Citizens Bank Debenture 2090,1152.6,1152.6,1152.6,1152.6,25,28815,1130,1205,1000,2025-04-20T13:33:17.180208,1152.6,1,1152.6,3457.8
293,2025-04-20,9234,HRL,Himalayan Reinsurance Limited,1025,1030,1000.1,1004.34,184072,185747341.5,1014.93,1156,512,2025-04-20T14:59:59.469294,1002,1644,1009.1,104451.36
294,2025-04-20,9238,NABILD87,9% Nabil Debenture 2087,1101,1101,1101,1101,225,247725,1110,1110,980,2025-04-20T13:09:13.311492,1101,2,1101,3303
295,2025-04-20,9242,SARBTM,Sarbottam Cement Limited,834,834,819.1,821.66,44459,36612853.1,818.06,1060,696.8,2025-04-20T14:59:49.794525,821.3,356,823.51,40881.69
296,2025-04-20,9245,MNMF1,Muktinath Mutual Fund 1,9.15,9.4,9.11,9.19,38750,357630.5,9.25,10.42,8.67,2025-04-20T14:58:28.132987,9.18,32,9.22,1148.75
297,2025-04-20,9246,GMLI,Guardian Micro Life Insurance Limited ,2500,2565,2452.3,2484.13,45164,112975066.8,2549.07,2778,301,2025-04-20T14:59:59.44855,2472.3,751,2501.44,18630.97
298,2025-04-20,9249,ICFCD88,9% ICFC Finance Limited Debenture 2088,1085,1100.5,1080.2,1100,698,766195,1090,1101,1000,2025-04-20T14:53:44.86698,1100,25,1097.7,330
299,2025-04-20,9250,NMIC,Nepal Micro Insurance Company Limited,600.4,647.5,600.4,647.5,440,283744,588.7,647.5,302.3,2025-04-20T14:58:52.490597,647.5,44,644.87,4856.25
300,2025-04-20,9252,CREST,Crest Micro Life Insurance Limited,496.5,535.4,496.5,535.4,440,234622,486.8,535.4,302.5,2025-04-20T14:59:25.128604,535.4,44,533.23,4015.5
301,2025-04-20,9168,GBILD84/85,Global IME Bank Debenture, 2084/85,1180,1183,1180,1188.9,77,91071.5,1180,1220,1000,2025-04-20T13:49:21.000772,1183,6,1182.74,5944.5
302,2025-04-20,9170,DOLTI,Dolti Power Company Limited,662,681,660,662.9,6570,4395697.4,674.33,1017,390.1,2025-04-20T14:58:56.2518,670,97,669.05,3556.37
303,2025-04-20,9174,PRSF,Prabhu Smart Fund,10.34,10.37,10.34,10.37,14065,145486.1,10.49,11.3,8.21,2025-04-20T14:19:00.172048,10.37,5,10.34,1037
304,2025-04-20,9175,MCHL,Menchhiyam Hydropower Limited,639,639,616.3,618.67,20460,12750169.2,631.95,714,355,2025-04-20T14:59:57.331223,618,212,623.17,3356.8
305,2025-04-20,9177,SCBD,10.30% Standard Chartered Bank Limited Debenture,1080.1,1080.1,1080.1,1080.1,25,27002.5,1100.2,1150,1000,2025-04-20T13:18:22.8741,1080.1,1,1080.1,2592.24
306,2025-04-20,9178,RMF2,RBB Mutual Fund 2,9.1,9.19,9.1,9.19,200,1829,9.16,10.73,7.91,2025-04-20T14:04:32.845002,9.19,2,9.14,777.58
307,2025-04-20,9179,MEL,Modi Energy Limited,323,323,313.7,314.54,25458,8062523.9,323.14,393,215,2025-04-20T14:59:37.273714,318,258,316.69,9121.66
308,2025-04-20,9181,RAWA,Rawa Energy Development Limited,881,882,870,870.5,1280,1120164.7,880.6,990,452.2,2025-04-20T14:57:40.535698,871,30,875.12,2437.4
309,2025-04-20,9182,SIGS3,Siddhartha Investment Growth Scheme 3,9.93,10,9.93,10,7400,73759,10.1,10.81,7.86,2025-04-20T14:24:50.949986,10,10,9.96,805.8
310,2025-04-20,9184,ILI,IME Life Insurance Company Limited,470,478,465,468.38,23997,11284218.1,471.65,606,412.5,2025-04-20T14:59:59.811425,469.7,361,470.23,23419
311,2025-04-20,9191,C30MF,Citizens Super 30 Mutual Fund,8.96,8.96,8.92,8.94,400,3576,9.13,10.92,8.13,2025-04-20T13:52:04.482129,8.94,4,8.94,671.15
312,2025-04-20,9193,GCIL,Ghorahi Cement Industry Limited,530,531,522,524.26,40160,21130344.1,531.09,668,460,2025-04-20T14:59:49.581965,526,369,526.15,23946.55
313,2025-04-20,9195,MLBLD89,11% Mahalaxmi Debenture 2089,1205,1241,1205,1241,138,171246.1,1205,1260,1000,2025-04-20T14:27:27.625583,1241,3,1240.91,1241
314,2025-04-20,9196,KBSH,Kutheli Bukhari Small Hydropower Limited,2200,2200,2156.1,2170,864,1882656.3,2193.91,3300,1000,2025-04-20T14:55:15.336911,2170,44,2179,2908.98
315,2025-04-20,9199,RNLI,Reliable Nepal Life Insurance Limited,544.8,544.8,535.1,535.72,32171,17411849.4,546.8,600.1,415,2025-04-20T14:59:48.132376,536,357,541.22,24857.41
316,2025-04-20,9203,MEHL,Manakamana Engineering Hydropower Limited,540,550.8,533.2,539.36,22078,11913035.7,546.73,696,294,2025-04-20T14:59:59.2131,539.9,238,539.58,4314.88
317,2025-04-20,9211,SBID89,9% Nepal SBI Bank Rinpatra 2089,1115,1137,1115,1137,796,904502,1115,1137.1,965,2025-04-20T11:30:47.219746,1137,3,1136.3,1612.68
318,2025-04-20,9213,HATHY,Hathway Investment Nepal Limited,1420,1439.9,1375.1,1381.09,33311,46369943.3,1418.07,1816,808.5,2025-04-20T14:59:59.553679,1380,441,1392.03,39104.18
319,2025-04-20,9215,MSHL,Mid Solu Hydropower Limited,906.1,936.8,897.1,905.04,1343,1220522,918.45,1180,594,2025-04-20T14:58:53.292432,905,43,908.8,6773.32
320,2025-04-20,9218,TVCL,Trishuli Jal Vidhyut Company Limited ,545,548.6,526.7,545.23,24879,13349552.1,539.56,697,431,2025-04-20T14:58:11.539221,544,204,536.57,10100.39
321,2025-04-20,9221,H8020,Himalayan 80-20,10.5,10.61,10.41,10.54,3000,31330,10.62,10.83,8.36,2025-04-20T14:47:55.572657,10.41,16,10.44,105.4
322,2025-04-20,9230,MKCL,Muktinath Krishi Company Limited,1650,1670,1621,1624.35,5925,9717119.1,1660.24,1926,785,2025-04-20T14:59:58.341696,1626,101,1640.02,11370.45
323,2025-04-20,9232,CKHL,Chirkhwa Hydropower Limited ,730.2,745,730.2,733.1,1936,1425109,740.63,910,480.5,2025-04-20T14:48:57.345681,733.1,32,736.11,2932.4
324,2025-04-20,9233,NWCL,Nepal Warehousing Company Limited ,985,986,965,967.03,4498,4377385.1,982.81,1264,678,2025-04-20T14:59:57.189854,966,75,973.18,6648.33
325,2025-04-20,9236,NICGF2,NIC ASIA Growth Fund-2,8.52,8.64,8.52,8.64,2400,20662,8.61,9.79,7.32,2025-04-20T14:44:06.079655,8.64,16,8.6,781.92
326,2025-04-20,9241,KSY,Kumari Sabal Yojana,8.88,9,8.88,8.91,1050,9360,9,10.91,7.77,2025-04-20T14:58:04.087149,8.91,7,8.91,663.57
327,2025-04-20,9244,NIBLSTF,NIBL Stable Fund,8.41,8.63,8.26,8.33,10980,92271.8,8.42,10.55,7.95,2025-04-20T14:53:29.437837,8.33,24,8.4,941.29
328,2025-04-20,9248,GSY,Garima Samriddhi Yojana,8.96,9.18,8.96,9.03,9830,88751.9,9.09,10,8.8,2025-04-20T14:47:25.925774,9.03,47,9.02,1128.75